"auto_id","image01"
15,"fc/C28/C28-15.jpg"
2,"fc/C28/C28-2.jpg"
24,"fc/C28/C28-24.jpg"
3692,"fc/C28/C28-55-1.jpg"
3692,"fc/C28/C28-55.jpg"
3693,"fc/C28/C28-56.jpg"
3695,"fc/C28/C28-58.jpg"
3733,"fc/C28/C28-66.jpg"
8247,"fc/C29/C29-26.jpg"
8248,"fc/C29/C29-27.jpg"
8249,"fc/C29/C29-28.jpg"
9292,"fc/C29/C29-44.jpg"
9293,"fc/C29/C29-45.jpg"
9298,"fc/C29/C29-46.jpg"
9314,"fc/C29/C29-48.jpg"
9562,"fc/C29/C29-53.jpg"
9564,"fc/C29/C29-55.jpg"
9572,"fc/C29/C29-60.jpg"
9574,"fc/C29/C29-61.jpg"
9579,"fc/C29/C29-63.jpg"
9933,"fc/C29/C29-74.jpg"
75,"fc/D27/D27-14.jpg"
76,"fc/D27/D27-15.jpg"
81,"fc/D27/D27-20.jpg"
90,"fc/D27/D27-29.jpg"
101,"fc/D27/D27-42.jpg"
68,"fc/D27/D27-6.jpg"
69,"fc/D27/D27-7.jpg"
122,"fc/D28/D28-1.jpg"
225,"fc/D28/D28-104.jpg"
3314,"fc/D28/D28-150.jpg"
3450,"fc/D28/D28-190.jpg"
3578,"fc/D28/D28-221.jpg"
3594,"fc/D28/D28-227.jpg"
3616,"fc/D28/D28-234.jpg"
3674,"fc/D28/D28-255.jpg"
3766,"fc/D28/D28-280.jpg"
3773,"fc/D28/D28-282.jpg"
3850,"fc/D28/D28-292.jpg"
3859,"fc/D28/D28-295.jpg"
3928,"fc/D28/D28-302.jpg"
4001,"fc/D28/D28-310.jpg"
4076,"fc/D28/D28-316.jpg"
4269,"fc/D28/D28-332.jpg"
4311,"fc/D28/D28-333.jpg"
128,"fc/D28/D28-7.jpg"
6634,"fc/D29/D29-108.jpg"
6648,"fc/D29/D29-113.jpg"
6702,"fc/D29/D29-128.jpg"
6381,"fc/D29/D29-16.jpg"
6811,"fc/D29/D29-166.jpg"
6829,"fc/D29/D29-170.jpg"
6830,"fc/D29/D29-171.jpg"
6839,"fc/D29/D29-180.jpg"
6861,"fc/D29/D29-187.jpg"
6890,"fc/D29/D29-193.jpg"
6992,"fc/D29/D29-205.jpg"
6386,"fc/D29/D29-21.jpg"
7045,"fc/D29/D29-215.jpg"
7047,"fc/D29/D29-217.jpg"
7061,"fc/D29/D29-221.jpg"
7066,"fc/D29/D29-224.jpg"
7067,"fc/D29/D29-225.jpg"
7138,"fc/D29/D29-247.jpg"
7192,"fc/D29/D29-259.jpg"
7265,"fc/D29/D29-261.jpg"
7420,"fc/D29/D29-266.jpg"
7421,"fc/D29/D29-267.jpg"
7426,"fc/D29/D29-268.jpg"
7484,"fc/D29/D29-286.jpg"
7487,"fc/D29/D29-288.jpg"
7934,"fc/D29/D29-303.jpg"
7945,"fc/D29/D29-305.jpg"
7991,"fc/D29/D29-322.jpg"
8094,"fc/D29/D29-328.jpg"
8363,"fc/D29/D29-340.jpg"
8381,"fc/D29/D29-344.jpg"
8395,"fc/D29/D29-349.jpg"
8537,"fc/D29/D29-354.jpg"
8689,"fc/D29/D29-377.jpg"
8691,"fc/D29/D29-378.jpg"
6424,"fc/D29/D29-39.jpg"
7577,"fc/D29/D29-398.jpg"
6430,"fc/D29/D29-41.jpg"
8875,"fc/D29/D29-423.jpg"
9301,"fc/D29/D29-449.jpg"
9858,"fc/D29/D29-458.jpg"
9880,"fc/D29/D29-461.jpg"
9924,"fc/D29/D29-466.jpg"
10068,"fc/D29/D29-478.jpg"
6444,"fc/D29/D29-48.jpg"
10071,"fc/D29/D29-481.jpg"
10073,"fc/D29/D29-483.jpg"
10190,"fc/D29/D29-504.jpg"
10194,"fc/D29/D29-507.jpg"
10252,"fc/D29/D29-519.jpg"
10294,"fc/D29/D29-526.jpg"
10316,"fc/D29/D29-528.jpg"
10332,"fc/D29/D29-534.jpg"
10338,"fc/D29/D29-538.jpg"
11101,"fc/D29/D29-551.jpg"
6475,"fc/D29/D29-56.jpg"
11136,"fc/D29/D29-562.jpg"
11321,"fc/D29/D29-575.jpg"
11429,"fc/D29/D29-578.jpg"
11466,"fc/D29/D29-589.jpg"
11498,"fc/D29/D29-594.jpg"
11515,"fc/D29/D29-596.jpg"
6501,"fc/D29/D29-70.jpg"
6552,"fc/D29/D29-74.jpg"
6553,"fc/D29/D29-75.jpg"
6574,"fc/D29/D29-79.jpg"
402,"fc/E27/E27-105.jpg"
412,"fc/E27/E27-115.jpg"
418,"fc/E27/E27-121.jpg"
426,"fc/E27/e27-129.jpg"
310,"fc/E27/E27-13.jpg"
427,"fc/E27/E27-130.jpg"
456,"fc/E27/E27-160.jpg"
3591,"fc/E27/E27-166.jpg"
4748,"fc/E27/E27-199.jpg"
4785,"fc/E27/E27-203.jpg"
328,"fc/E27/e27-31.jpg"
337,"fc/E27/E27-40.jpg"
351,"fc/E27/E27-54.jpg"
353,"fc/E27/E27-56.jpg"
356,"fc/E27/E27-59.jpg"
358,"fc/E27/E27-61.jpg"
365,"fc/E27/E27-68.jpg"
380,"fc/E27/E27-83.jpg"
385,"fc/E27/E27-88.jpg"
618,"fc/E28/E28-102.jpg"
619,"fc/E28/E28-103.jpg"
622,"fc/E28/E28-106.jpg"
529,"fc/E28/E28-12.jpg"
635,"fc/E28/E28-120.jpg"
647,"fc/E28/E28-132.jpg"
655,"fc/E28/E28-140.jpg"
658,"fc/E28/E28-143.jpg"
659,"fc/E28/E28-144.jpg"
663,"fc/E28/E28-148.jpg"
668,"fc/E28/E28-153.jpg"
681,"fc/E28/E28-169.jpg"
687,"fc/E28/E28-175.jpg"
688,"fc/E28/E28-176.jpg"
693,"fc/E28/E28-181.jpg"
711,"fc/E28/E28-199.jpg"
3213,"fc/E28/E28-216.jpg"
4105,"fc/E28/E28-253.jpg"
4166,"fc/E28/E28-258.jpg"
4178,"fc/E28/E28-262.jpg"
4184,"fc/E28/E28-263.jpg"
4187,"fc/E28/E28-264.jpg"
4259,"fc/E28/E28-284.jpg"
4383,"fc/E28/E28-334.jpg"
4392,"fc/E28/E28-338.jpg"
4465,"fc/E28/E28-376.jpg"
4500,"fc/E28/E28-392.jpg"
4721,"fc/E28/E28-441.jpg"
4762,"fc/E28/E28-454.jpg"
5023,"fc/E28/E28-456.jpg"
597,"fc/E28/E28-81.jpg"
610,"fc/E28/E28-94.jpg"
611,"fc/E28/E28-95.jpg"
5610,"fc/E29/E29-108.jpg"
5650,"fc/E29/E29-136.jpg"
5696,"fc/E29/E29-145.jpg"
5744,"fc/E29/E29-158.jpg"
5776,"fc/E29/E29-162.jpg"
5877,"fc/E29/E29-173.jpg"
5923,"fc/E29/E29-175.jpg"
5939,"fc/E29/E29-177.jpg"
6019,"fc/E29/E29-181.jpg"
6026,"fc/E29/E29-183.jpg"
6030,"fc/E29/E29-185.jpg"
6104,"fc/E29/E29-196.jpg"
6181,"fc/E29/E29-202.jpg"
6269,"fc/E29/E29-209.jpg"
6338,"fc/E29/E29-223.jpg"
6352,"fc/E29/E29-227.jpg"
6449,"fc/E29/E29-244.jpg"
6569,"fc/E29/E29-263.jpg"
5489,"fc/E29/E29-28.jpg"
7159,"fc/E29/E29-308.jpg"
7175,"fc/E29/E29-312.jpg"
7200,"fc/E29/E29-320.jpg"
7241,"fc/E29/E29-329.jpg"
7943,"fc/E29/E29-354.jpg"
8070,"fc/E29/E29-373.jpg"
8241,"fc/E29/E29-396.jpg"
8243,"fc/E29/E29-397.jpg"
8573,"fc/E29/E29-406.jpg"
8584,"fc/E29/E29-408.jpg"
8649,"fc/E29/E29-411.jpg"
7823,"fc/E29/E29-418.jpg"
9016,"fc/E29/E29-419.jpg"
9051,"fc/E29/E29-439.jpg"
9102,"fc/E29/E29-453.jpg"
9200,"fc/E29/E29-455.jpg"
9216,"fc/E29/E29-459.jpg"
9225,"fc/E29/E29-460.jpg"
9774,"fc/E29/E29-480.jpg"
9775,"fc/E29/E29-481.jpg"
9776,"fc/E29/E29-482.jpg"
9795,"fc/E29/E29-490.jpg"
9822,"fc/E29/E29-501.jpg"
9832,"fc/E29/E29-504.jpg"
9839,"fc/E29/E29-506.jpg"
10051,"fc/E29/E29-520.jpg"
10081,"fc/E29/E29-527.jpg"
10096,"fc/E29/E29-529.jpg"
10108,"fc/E29/E29-530.jpg"
10120,"fc/E29/E29-531.jpg"
10122,"fc/E29/E29-533.jpg"
10146,"fc/E29/E29-538.jpg"
10148,"fc/E29/E29-540.jpg"
10150,"fc/E29/E29-542.jpg"
10168,"fc/E29/E29-547.jpg"
10169,"fc/E29/E29-548.jpg"
10209,"fc/E29/E29-560.jpg"
10250,"fc/E29/E29-583.jpg"
10283,"fc/E29/E29-600.jpg"
11099,"fc/E29/E29-628.jpg"
11139,"fc/E29/E29-637.jpg"
11144,"fc/E29/E29-638.jpg"
11159,"fc/E29/E29-643.jpg"
5464,"fc/E29/E29-8.jpg"
920,"fc/F27/F27-1.jpg"
945,"fc/F27/F27-26.jpg"
958,"fc/F27/F27-39.jpg"
964,"fc/F27/F27-45.jpg"
978,"fc/F27/F27-59.jpg"
4855,"fc/F27/F27-74.jpg"
1111,"fc/F28/F28-102.jpg"
1112,"fc/F28/F28-103.jpg"
1113,"fc/F28/F28-104.jpg"
1117,"fc/F28/F28-108.jpg"
1119,"fc/F28/F28-110.jpg"
1123,"fc/F28/F28-114.jpg"
1124,"fc/F28/F28-115.jpg"
1021,"fc/F28/F28-12.jpg"
1131,"fc/F28/F28-122.jpg"
3395,"fc/F28/F28-135.jpg"
3398,"fc/F28/F28-138.jpg"
3418,"fc/F28/F28-145.jpg"
3436,"fc/F28/F28-148.jpg"
3494,"fc/F28/F28-158.jpg"
3742,"fc/F28/F28-189.jpg"
3756,"fc/F28/F28-192.jpg"
3780,"fc/F28/F28-196.jpg"
3811,"fc/F28/F28-207.jpg"
3910,"fc/F28/F28-220.jpg"
3919,"fc/F28/F28-225.jpg"
3949,"fc/F28/F28-227.jpg"
4094,"fc/F28/F28-236.jpg"
4106,"fc/F28/F28-238.jpg"
4118,"fc/F28/F28-243.jpg"
4121,"fc/F28/F28-244.jpg"
4129,"fc/F28/F28-248.jpg"
4130,"fc/F28/F28-249.jpg"
4138,"fc/F28/F28-255.jpg"
4149,"fc/F28/F28-262.jpg"
4160,"fc/F28/F28-266.jpg"
1039,"fc/F28/F28-30.jpg"
4397,"fc/F28/F28-308.jpg"
4400,"fc/F28/F28-310.jpg"
4410,"fc/F28/F28-314.jpg"
4418,"fc/F28/F28-317.jpg"
4486,"fc/F28/F28-336.jpg"
4605,"fc/F28/F28-365.jpg"
4620,"fc/F28/F28-368.jpg"
1046,"fc/F28/F28-37.jpg"
4698,"fc/F28/F28-383.jpg"
4961,"fc/F28/F28-388.jpg"
9583,"fc/F28/F28-392.jpg"
10017,"fc/F28/F28-396.jpg"
10341,"fc/F28/F28-404.jpg"
11524,"fc/F28/F28-405.jpg"
11631,"fc/F28/F28-412.jpg"
11649,"fc/F28/F28-419.jpg"
12358,"fc/F28/f28-437.jpg"
1062,"fc/F28/F28-53.jpg"
1069,"fc/F28/F28-60.jpg"
1078,"fc/F28/F28-69.jpg"
1080,"fc/F28/F28-71.jpg"
1082,"fc/F28/F28-73.jpg"
1083,"fc/F28/F28-74.jpg"
1084,"fc/F28/F28-75.jpg"
1092,"fc/F28/F28-83.jpg"
1093,"fc/F28/F28-84.jpg"
1106,"fc/F28/F28-97.jpg"
6057,"fc/F29/F29-110.jpg"
6058,"fc/F29/F29-111.jpg"
6061,"fc/F29/F29-113.jpg"
6062,"fc/F29/F29-114.jpg"
6066,"fc/F29/F29-115.jpg"
6074,"fc/F29/F29-117.jpg"
6079,"fc/F29/F29-119.jpg"
6086,"fc/F29/F29-124.jpg"
6091,"fc/F29/F29-125.jpg"
6098,"fc/F29/F29-129.jpg"
6100,"fc/F29/F29-131.jpg"
6109,"fc/F29/F29-134.jpg"
6110,"fc/F29/F29-135.jpg"
6113,"fc/F29/F29-136.jpg"
6114,"fc/F29/F29-137.jpg"
6119,"fc/F29/F29-140.jpg"
6124,"fc/F29/F29-142.jpg"
6137,"fc/F29/F29-145.jpg"
6139,"fc/F29/F29-147.jpg"
6153,"fc/F29/F29-148.jpg"
6154,"fc/F29/F29-149.jpg"
5831,"fc/F29/F29-15.jpg"
6155,"fc/F29/F29-150.jpg"
6158,"fc/F29/F29-153.jpg"
6160,"fc/F29/F29-155.jpg"
6161,"fc/F29/F29-156.jpg"
6164,"fc/F29/F29-159.jpg"
6174,"fc/F29/F29-161.jpg"
6175,"fc/F29/F29-162.jpg"
6179,"fc/F29/F29-166.jpg"
6189,"fc/F29/F29-169.jpg"
6206,"fc/F29/F29-175.jpg"
6212,"fc/F29/F29-179.jpg"
6224,"fc/F29/F29-181.jpg"
6225,"fc/F29/F29-182.jpg"
6276,"fc/F29/F29-187.jpg"
6311,"fc/F29/F29-193.jpg"
6315,"fc/F29/F29-194.jpg"
6331,"fc/F29/F29-198.jpg"
6348,"fc/F29/F29-203.jpg"
6356,"fc/F29/F29-204.jpg"
6412,"fc/F29/F29-208.jpg"
6440,"fc/F29/F29-212.jpg"
6460,"fc/F29/F29-214.jpg"
6463,"fc/F29/F29-216.jpg"
6621,"fc/F29/F29-231.jpg"
6653,"fc/F29/F29-235.jpg"
6654,"fc/F29/F29-236.jpg"
6761,"fc/F29/F29-245.jpg"
6763,"fc/F29/F29-246.jpg"
6792,"fc/F29/F29-249.jpg"
6867,"fc/F29/F29-263.jpg"
6959,"fc/F29/F29-275.jpg"
8351,"fc/F29/F29-340.jpg"
8535,"fc/F29/F29-346.jpg"
8541,"fc/F29/F29-347.jpg"
5924,"fc/F29/F29-35.jpg"
8565,"fc/F29/F29-350.jpg"
8594,"fc/F29/F29-360.jpg"
8610,"fc/F29/F29-364.jpg"
5934,"fc/F29/F29-39.jpg"
8783,"fc/F29/F29-392.jpg"
8789,"fc/F29/F29-394.jpg"
8790,"fc/F29/F29-395.jpg"
7541,"fc/F29/F29-401.jpg"
7578,"fc/F29/F29-411.jpg"
7637,"fc/F29/F29-426.jpg"
7643,"fc/F29/F29-427.jpg"
7649,"fc/F29/F29-428.jpg"
7655,"fc/F29/F29-429.jpg"
7657,"fc/F29/F29-430.jpg"
7811,"fc/F29/F29-435.jpg"
8846,"fc/F29/F29-449.jpg"
8847,"fc/F29/F29-450.jpg"
7854,"fc/F29/F29-453.jpg"
11150,"fc/F29/F29-474.jpg"
11172,"fc/F29/F29-476.jpg"
11191,"fc/F29/F29-480.jpg"
11239,"fc/F29/F29-487.jpg"
5951,"fc/F29/F29-49.jpg"
11275,"fc/F29/F29-490.jpg"
11307,"fc/F29/F29-493.jpg"
11313,"fc/F29/F29-494.jpg"
5955,"fc/F29/F29-53.jpg"
5962,"fc/F29/F29-55.jpg"
5966,"fc/F29/F29-57.jpg"
5967,"fc/F29/F29-58.jpg"
5978,"fc/F29/F29-64.jpg"
5979,"fc/F29/F29-65.jpg"
5980,"fc/F29/F29-66.jpg"
5987,"fc/F29/F29-72.jpg"
5991,"fc/F29/F29-76.jpg"
5992,"fc/F29/F29-77.jpg"
6000,"fc/F29/F29-81.jpg"
6003,"fc/F29/F29-83.jpg"
6009,"fc/F29/F29-86.jpg"
6014,"fc/F29/F29-90.jpg"
6022,"fc/F29/F29-94.jpg"
6194,"fc/F42/F42-24.jpg"
6243,"fc/F42/F42-28.jpg"
6715,"fc/F42/F42-34.jpg"
6716,"fc/F42/F42-35.jpg"
8013,"fc/F42/F42-66.jpg"
8504,"fc/F42/F42-68.jpg"
8528,"fc/F42/F42-71.jpg"
8043,"fc/F43/F43-52.jpg"
8127,"fc/F43/F43-53.jpg"
8177,"fc/F43/F43-54.jpg"
8278,"fc/F43/F43-56.jpg"
8287,"fc/F43/F43-57.jpg"
8288,"fc/F43/F43-58.jpg"
8302,"fc/F43/F43-59.jpg"
8310,"fc/F43/F43-60.jpg"
8312,"fc/F43/F43-61.jpg"
8323,"fc/F43/F43-63.jpg"
8331,"fc/F43/F43-64.jpg"
8398,"fc/F43/F43-65.jpg"
8401,"fc/F43/F43-66.jpg"
8476,"fc/F43/F43-74.jpg"
8494,"fc/F43/F43-79.jpg"
1463,"fc/G27/G27-105.jpg"
1468,"fc/G27/G27-110.jpg"
1469,"fc/G27/G27-111.jpg"
1470,"fc/G27/G27-112.jpg"
1494,"fc/G27/G27-136.jpg"
11450,"fc/G27/G27-144.jpg"
11451,"fc/G27/G27-145.jpg"
1361,"fc/G27/G27-2.jpg"
1396,"fc/G27/G27-37.jpg"
1413,"fc/G27/G27-54.jpg"
1446,"fc/G27/G27-88.jpg"
1450,"fc/G27/G27-92.jpg"
1451,"fc/G27/G27-93.jpg"
1453,"fc/G27/G27-95.jpg"
1456,"fc/G27/G27-98.jpg"
9053,"fc/G28/G28-10.jpg"
9255,"fc/G28/G28-101.jpg"
9257,"fc/G28/G28-103.jpg"
9262,"fc/G28/G28-105.jpg"
9263,"fc/G28/G28-106.jpg"
9265,"fc/G28/G28-107.jpg"
9055,"fc/G28/G28-11.jpg"
9269,"fc/G28/G28-110.jpg"
9271,"fc/G28/G28-111.jpg"
9275,"fc/G28/G28-113.jpg"
9278,"fc/G28/G28-115.jpg"
9287,"fc/G28/G28-122.jpg"
9288,"fc/G28/G28-123.jpg"
9297,"fc/G28/G28-127.jpg"
9304,"fc/G28/G28-130.jpg"
9308,"fc/G28/G28-133.jpg"
9310,"fc/G28/G28-134.jpg"
9567,"fc/G28/G28-142.jpg"
9577,"fc/G28/G28-144.jpg"
9588,"fc/G28/G28-148.jpg"
9624,"fc/G28/G28-169.jpg"
9064,"fc/G28/G28-17.jpg"
9629,"fc/G28/G28-171.jpg"
9652,"fc/G28/G28-185.jpg"
9655,"fc/G28/G28-187.jpg"
9073,"fc/G28/G28-19.jpg"
9669,"fc/G28/G28-194.jpg"
9672,"fc/G28/G28-197.jpg"
9677,"fc/G28/G28-199.jpg"
9678,"fc/G28/G28-200.jpg"
9679,"fc/G28/G28-201.jpg"
9682,"fc/G28/G28-202.jpg"
9799,"fc/G28/G28-212.jpg"
9835,"fc/G28/G28-218.jpg"
9837,"fc/G28/G28-220.jpg"
9843,"fc/G28/G28-223.jpg"
9867,"fc/G28/G28-229.jpg"
9869,"fc/G28/G28-230.jpg"
9884,"fc/G28/G28-235.jpg"
9902,"fc/G28/G28-241.jpg"
9080,"fc/G28/G28-25.jpg"
9094,"fc/G28/G28-31.jpg"
10026,"fc/G28/G28-317.jpg"
10027,"fc/G28/G28-318.jpg"
10053,"fc/G28/G28-330.jpg"
10084,"fc/G28/G28-340.jpg"
10137,"fc/G28/G28-368.jpg"
10176,"fc/G28/G28-384.jpg"
9031,"fc/G28/G28-4.jpg"
10299,"fc/G28/G28-413.jpg"
10342,"fc/G28/G28-422.jpg"
10365,"fc/G28/G28-433.jpg"
10368,"fc/G28/G28-434.jpg"
11135,"fc/G28/G28-442.jpg"
11208,"fc/G28/G28-448.jpg"
11217,"fc/G28/G28-449.jpg"
11233,"fc/G28/G28-454.jpg"
11248,"fc/G28/G28-460.jpg"
11252,"fc/G28/G28-461.jpg"
11254,"fc/G28/G28-463.jpg"
11264,"fc/G28/G28-467.jpg"
11266,"fc/G28/G28-469.jpg"
9166,"fc/G28/G28-47.jpg"
11267,"fc/G28/G28-470.jpg"
11287,"fc/G28/G28-478.jpg"
11290,"fc/G28/G28-480.jpg"
11294,"fc/G28/G28-482.jpg"
11301,"fc/G28/G28-484.jpg"
11304,"fc/G28/G28-486.jpg"
11345,"fc/G28/G28-501.jpg"
11350,"fc/G28/G28-504.jpg"
11362,"fc/G28/G28-513.jpg"
11370,"fc/G28/G28-517.jpg"
11374,"fc/G28/G28-521.jpg"
11377,"fc/G28/G28-523.jpg"
11378,"fc/G28/G28-524.jpg"
11383,"fc/G28/G28-528.jpg"
9176,"fc/G28/G28-53.jpg"
9177,"fc/G28/G28-54.jpg"
11432,"fc/G28/G28-553.jpg"
11444,"fc/G28/G28-557.jpg"
9180,"fc/G28/G28-56.jpg"
11462,"fc/G28/G28-564.jpg"
11481,"fc/G28/G28-573.jpg"
11488,"fc/G28/G28-578.jpg"
9182,"fc/G28/G28-58.jpg"
11492,"fc/G28/G28-582.jpg"
11501,"fc/G28/G28-585.jpg"
9183,"fc/G28/G28-59.jpg"
11510,"fc/G28/G28-590.jpg"
11513,"fc/G28/G28-592.jpg"
11518,"fc/G28/G28-594.jpg"
11520,"fc/G28/G28-595.jpg"
11521,"fc/G28/G28-596.jpg"
11522,"fc/G28/G28-597.jpg"
11528,"fc/G28/G28-599.jpg"
9033,"fc/G28/G28-6.jpg"
11534,"fc/G28/G28-601.jpg"
11559,"fc/G28/G28-609.jpg"
11565,"fc/G28/G28-611.jpg"
11610,"fc/G28/G28-620.jpg"
9195,"fc/G28/G28-67.jpg"
9201,"fc/G28/G28-70.jpg"
9202,"fc/G28/G28-71.jpg"
9210,"fc/G28/G28-76.jpg"
9211,"fc/G28/G28-77.jpg"
9224,"fc/G28/G28-87.jpg"
9227,"fc/G28/G28-88.jpg"
9228,"fc/G28/G28-89.jpg"
9229,"fc/G28/G28-90.jpg"
9236,"fc/G28/G28-92.jpg"
9246,"fc/G28/G28-98.jpg"
6536,"fc/G42/G42-11.jpg"
6706,"fc/G42/G42-12.jpg"
6707,"fc/G42/G42-13.jpg"
6713,"fc/G42/G42-14.jpg"
6928,"fc/G42/G42-18.jpg"
6931,"fc/G42/G42-20.jpg"
7287,"fc/G42/G42-33.jpg"
7356,"fc/G42/G42-40.jpg"
7385,"fc/G42/G42-55.jpg"
7403,"fc/G42/G42-62.jpg"
7405,"fc/G42/G42-64.jpg"
7527,"fc/G42/G42-70.jpg"
7530,"fc/G42/G42-71.jpg"
7723,"fc/G42/G42-76.jpg"
7729,"fc/G42/G42-81.jpg"
8120,"fc/G43/G43-1.jpg"
8301,"fc/G43/G43-10.jpg"
8313,"fc/G43/G43-12.jpg"
8417,"fc/G43/G43-14.jpg"
8493,"fc/G43/G43-19.jpg"
8496,"fc/G43/G43-20.jpg"
8503,"fc/G43/G43-21.jpg"
8754,"fc/G43/G43-27.jpg"
8122,"fc/G43/G43-3.jpg"
7763,"fc/G43/G43-40.jpg"
8138,"fc/G43/G43-5.jpg"
8139,"fc/G43/G43-6.jpg"
9117,"fc/G43/G43-66.jpg"
8286,"fc/G43/G43-9.jpg"
5193,"fc/G44/G44-26.jpg"
5230,"fc/G44/G44-36.jpg"
5247,"fc/G44/G44-39.jpg"
5106,"fc/G44/G44-6.jpg"
12359,"fc/G44/g44-68.jpg"
1556,"fc/H27/H27-1.jpg"
1718,"fc/H27/H27-166.jpg"
1729,"fc/H27/H27-177.jpg"
1731,"fc/H27/h27-179.jpg"
1558,"fc/H27/H27-3.jpg"
1559,"fc/H27/H27-4.jpg"
1637,"fc/H27/H27-83.jpg"
1819,"fc/I27/I27-16.jpg"
1844,"fc/I27/I27-41.jpg"
1845,"fc/I27/I27-42.jpg"
1811,"fc/I27/I27-8.jpg"
5396,"fc/I30/I30-15.jpg"
5395,"fc/I30/I30-19.jpg"
1880,"fc/I30/I30-2.jpg"
3337,"fc/I42/I42-12.jpg"
3341,"fc/I42/I42-14.jpg"
1888,"fc/I42/I42-2.jpg"
3502,"fc/I42/I42-35.jpg"
4027,"fc/I42/I42-68.jpg"
1893,"fc/I42/I42-7.jpg"
1895,"fc/I42/I42-9.jpg"
4051,"fc/I43/I43-2.jpg"
5424,"fc/J30/J30-22.jpg"
1902,"fc/J30/J30-4.jpg"
1903,"fc/J30/J30-5.jpg"
3339,"fc/J42/J42-27.jpg"
5239,"fc/K30/K30-10.jpg"
5323,"fc/K30/K30-11.jpg"
5257,"fc/K30/K30-25.jpg"
1952,"fc/K30/K30-3.jpg"
5266,"fc/K30/K30-36.jpg"
5320,"fc/K30/K30-47.jpg"
5414,"fc/K30/K30-57.jpg"
